{"data":[
	{"name":"About The Crew","children":[
		{"name":"Captain","children":[]},
		{"name":"Hyperspace FAQS","children":[]},
		{"name":"First Season","children":[]}]},
	{"name":"Second Season","children":[
		{"name":"Plot","children":[]},
		{"name":"Cast","children":[]}]},
	{"name":"The Spacecraft","children":[
		{"name":"Engine","children":[
			{"name":"Plasma Drive","children":[]},
			{"name":"Warp Drive","children":[]}]},
		{"name":"Bridge","children":[]},
		{"name":"Cabins","children":[]}]}]}